overdue,a.過期未付的；逾期的
overexposure,n.過分暴露，(照相)暴光過度
overflow,v.溢出；洋溢
overhaul,v.徹底檢查；大修
overlap,v.(部分地)重疊
overlook,v.忽視；俯視
overpowering,a.壓倒性的，不可抗拒的
overreach,v.做事過頭
override,v.不理會；蹂躪，踐踏
overriding,a.最主要的，優先的
overrule,v.(高位的人)否決(低位的人或事)
oversee,v.監督
overshadow,v.遮蔽，使失色
overstate,v.誇張，對…言過其實
overt,a.公開的，非秘密的
overthrow,v./n.推翻；終止
overture,n.前奏曲，序曲
overturn,v.翻倒；推翻
overwhelm,v.泛濫；壓倒
overwrought,a.緊張過度的
owl,n.貓頭鷹
oxidize,v.氧化，生鏽
pacifist,n.和平主義者，反戰主義者
pacify,v.使安靜，撫慰
pack,n.狼群；一群動物
packed,a.充滿人的，擁擠的
pact,n.協定，條約
padding,n.襯墊，填料
paean,n.贊美歌，頌歌
pagan,n.沒有宗教信仰的人；異教徒
pageant,n.壯觀的遊行；露天歷史劇
painkiller,n.止痛藥
painstaking,a.煞費苦心的
palate,n.上齶；口味；愛好
palatial,a.宮殿般的；宏偉的
paleolithic,a.舊石器時代的
paleontology,n.古生物學
palette,n.調色板，顏料配置
pall,v.令人發膩，失去吸引力
palliate,v.減輕(痛苦)；掩飾(罪行)
palliative,n.緩釋劑；a.減輕的，緩和的
pallid,a.蒼白的，沒血色的
palmy,a.繁榮的；棕櫚的
palpable,a.可觸知的，明顯的
palpitate,v.(心臟)急速而不規則地跳動
palter,v.含糊其詞
paltry,a.無價值的，微不足道的
pamphlet,n.小冊子
pan,v.嚴厲批評
panacea,n.萬靈藥
panache,n.羽飾；炫耀
pancreas,n.胰腺
pandemic,a.(病)大範圍流行的
pandemonium,n.喧囂，大混亂
pander,v.慫恿，迎合(不良慾望)
panegyric,n.頌詞，頌揚
panel,n.專門小組；儀表板
pang,n.一陣劇痛
panic,a.恐慌的；n.恐慌，驚惶
panorama,n.概觀，全景
panther,n.黑豹
pantomime,n.啞劇
pantry,n.食品室
papyrus,n.莎草；莎草紙
parable,n.寓言，比喻
parabola,n.拋物線
paradigm,n.範例，示範
paradox,n.矛盾；似矛盾而正確的說法
paragon,n.模範，典型
parallel,a.平行的；類似的；n.平行線；v.與…相似
parallelism,n.平行，類似
parameter,n.參量，變量
paramount,a.最重要的，最高權力的
paranoia,n.偏執狂
paranoid,a.偏執狂的，過分懷疑的
paraphrase,v.傳譯，釋義
parasite,n.食客；寄生物
parch,v.烘烤；烤焦
pare,v.削；修剪；削減，縮減
pariah,n.賤民，被社會遺棄者
parity,n.(水平，地位，數量等的)同等，相等
parka,n.派克大衣(毛皮風雪大衣)
parlance,n.說法，用語，詞彙
parody,n.模仿性嘲弄文章或表演；拙劣的模仿
paroxysm,n.(感情等)突發
parquet,n.鑲木地板
parry,v.擋開，避開(武器，問題等)
parse,v.對…作語法分析
parsimony,n.過分節儉，吝嗇
partial,a.局部的；偏袒的
partiality,n.偏袒，偏心
particular,n.事實，細節
particularize,v.詳述，列舉
partisan,n.黨派支持者；黨徒
partition,n.隔開；隔牆
passionate,a.充滿激情的
passive,a.被動的，缺乏活力的
pastel,n.彩色粉筆或蠟筆畫；柔和的色彩
pasteurize,v.加熱殺菌，消毒
pastiche,n.混合拼湊的作品
pastoral,a.田園生活的；寧靜的
pastry,n.糕點，點心
patch,n.補丁；一小片(土地)
patent,a.顯而易見的；n.專利權(證書)
pathogen,n.病原體
pathological,a.病態的；病理的
pathology,n.病理學
patina,n.綠鏽；光亮的外表
patrician,n.貴族
patrimony,n.祖傳的財產
patriot,n.愛國者，愛國主義者
patriotism,n.愛國主義，愛國心
patronage,n.贊助，惠顧
patronize,v.以高人一等的態度對待；光顧，惠顧
paucity,n.小量，缺乏
paunchy,a.大肚子的
pauper,n.貧民，乞丐
peak,v.憔悴，消瘦
pecan,n.山核桃
peccadillo,n.小過失
peck,v.啄食；輕啄
pedagogue,n.教師，教育者
pedagogy,n.教育學，教學法
pedal,n.踏板，腳蹬；v.騎腳踏車
pedant,n.迂腐之人，書呆子
pedestal,n.(柱石或雕像的)基座
pedestrian,a.徒步的；缺乏想像的；n.行人
pediatrics,n.小兒科
peel,v.削去…的皮；剝落；n.外皮
peer,n.同等之人，同輩
peerless,a.無可匹敵的
peeve,v.使氣惱，怨恨
peevish,a.壞脾氣的，易怒的
pejorative,a.帶有輕蔑意義的，貶低的
pelf,n.錢財；不義之財
pell-mell,adv.混亂地
pellucid,a.清晰的，清澈的
pen,n.圍欄；監禁；母天鵝
penalize,v.置(某人)於不利地位；處罰
penalty,n.刑罰，處罰
penance,n.自我懲罰
penchant,n.愛好，嗜好
pending,a.即將發生的；未決的
pendulum,n.擺，鐘擺
penetrate,v.刺穿；滲入；瞭解
penicillin,n.盤尼西林，青霉素
peninsula,n.半島
penitent,a.後悔的，懺悔的
pennant,n.(船上用的)信號旗
penultimate,a.倒數第二的
penury,n.貧窮；吝嗇
perambulate,v.巡視；漫步
perception,n.感覺；洞察力
perch,v.(鳥)棲息
percussionist,n.敲擊樂器的樂師
peregrination,n.遊歷(尤指在國外)
peremptory,a.不容反抗的；專橫的
perennial,a.終年的；永久的
perfervid,a.非常熱心的
perfidious,a.不忠的，背信棄義的
perfidy,n.不忠，背叛
perforate,v.打洞
perfunctorily,adv.敷衍地，潦草地，表面地
perfunctory,a.草率的，敷衍的
peril,n.危險
perilous,a.危險的，冒險的
perimeter,n.周長
periodical,n.期刊
peripatetic,a.巡遊的
peripheral,a.不重要的，外圍的
periphery,n.不重要的部分；外圍
periscope,n.潛望鏡
perish,v.死，暴卒
perishing,a.嚴寒的
perjure,v.作偽證，發假誓
perjury,n.作偽證，發假誓
perky,a.神氣的；活潑的
permanence,n.永久，持久
permanent,a.長久的，永久的
permeable,a.可滲透的(penetrable)
permeate,v.擴散；滲透
permissive,a.過分縱容的
pernicious,a.有害的，致命的
perpendicular,a.垂直的
perpetual,a.連續不斷的；永久的
perpetuate,v.使永存，使永記不忘
perquisite,n.固定津貼，利益
persecute,v.迫害
persiflage,n.挖苦，嘲弄
persistence,n.堅持不懈，持續
personable,a.英俊的，風度好的
personification,n.典型，化身，完美榜樣
personnel,n.全體人員，員工
perspective,n.(判斷事物的)角度，方法；透視法
perspicacious,a.獨具慧眼的
perspicuity,n.明晰；聰明睿智
perspicuous,a.明晰的；明瞭的
perspire,v.流汗
pertain,v.屬於；關於
pertinacious,a.固執的；無法駕御的；不妥協的
pertinent,a.有關的，相關的
peruse,v.細讀，精讀
pervade,v.瀰漫，普及
pervious,a.可滲透的
pessimism,n.悲觀；悲觀主義
pest,n.害蟲；討厭的人或物
pester,v.糾纏，強求
pesticide,n.殺蟲劑
pestilent,a.致死的；有害的
pestle,n.杵，乳鉢槌
petal,n.花瓣
petition,n.請願；請願書
petitioner,n.請願人
petrify,v.石化；嚇呆
petroglyph,n.岩石雕刻
petroleum,n.石油
petrology,n.岩石學
petty,a.瑣碎的；小心眼的
petulance,n.發脾氣，性急，暴躁
petulant,a.性急的，暴躁的
phantom,n.鬼怪，幽靈；幻像
pharmaceutical,a.制藥的
pharmacology,n.藥理學，藥物學
phenomena,n.(複數)現象；科學研究的現象
phenomenal,a.顯著的，非凡的
philanthropic,a.博愛的
philatelist,n.集郵家
philately,n.集郵
philistine,n.庸人，市儈
phlegmatic,a.冷靜的，冷淡的
phoenix,n.鳳凰，永生或再生的象徵
phonetic,a.語音的
photosynthesis,n.光合作用
physiological,a.生理的；生理學上的
piano,a.(音樂)輕柔的
pictorial,a.繪畫的；有圖片的，用圖片表示的
piddling,a.瑣碎的，微不足道的
pied,a.雜色的
pierce,v.刺透；穿過
piercing,a.(寒風)刺骨的；敏銳的
pigment,n.天然色素；乾粉顏料
pilgrim,n.朝聖客，香客
pillar,n.柱子
pillory,n.頸手枷；示眾，嘲弄
pilot,n.飛行員；領航員；領導人
pinch,v.捏，掐；n.一撮，一點
pine,n.松樹；v.(因疾病等)憔悴；渴望
pinnacle,n.尖塔；山峰，頂峰
pinpoint,v.精確地找出或描述；a.非常精確的
pious,a.虔誠的，盡責的
piquant,a.辛辣的，開胃的；興奮的
pique,n./v.(因自尊心受傷害而導致的)不悅，憤怒；v.冒犯
pirate,n.海盜，剽竊者；v.盜印；掠奪
pirouette,n./v.(舞蹈)腳尖立地的旋轉
pistol,n.手槍
pitch,n.瀝青，柏油；音調
pitcher,n.有柄水罐
pitfall,n.陷阱，未料到的危險或困難
pith,n.精髓，要點
pithiness,n.簡潔
pithy,a.(講話或文章)簡練的
pitiful,a.值得同情的，可憐的
pittance,n.微薄的薪俸，少量的收入
placate,v.撫慰，平息(憤怒)
placebo,n.安慰劑
placid,a.安靜的，平和的
plagiarism,n.剽竊，抄襲
plagiarize,v.剽竊，抄襲
plague,n.瘟疫；討厭的人或物；v.煩擾
plain,a.簡單的；清楚的；n.平原
plaintiff,n.原告
plaintive,a.可憐的，傷心的
plait,n.發辮；v.編成辮
plane,n.刨子；平面；v.刨
planet,n.行星
plangent,a.轟鳴的；悲哀的
plankton,n.浮游生物
plaque,n.匾；血小板
plaster,n.灰泥，石膏；v.抹灰泥
plateau,n.高原；平穩的狀態
platitude,n.陳詞濫調
platonic,a.理論的；純精神上的，沒有感官慾望的
plaudit,v.喝彩，贊揚
plausible,a.似是而非的，似乎合理的；嘴巧的
plead,v.懇求，提出…為理由
pleat,n.(衣服上的)褶
pledge,n.誓言，保證；v.發誓
plenitude,n.完全；大量
plethora,n.過量，過剩
pliable,a.易彎的，柔軟的
pliant,a.易受影響的；易彎的
plight,n.困境，苦境
plinth,n.柱腳，底座
plod,v.重步走；吃力地乾
plot,n.情節；陰謀；策劃
plough,n.犁；v.犁地
ploy,n.花招，策略
pluck,n.在困難面前足智多謀的勇氣，膽量；精力；v.拔毛；彈拉
plumb,adv.精確地；v.深入瞭解；測水深
plumber,n.管子工，鉛管工
plume,n.羽毛；v.整理羽毛；搔首弄姿
plummet,v.垂直或突然墜下
plunder,v.搶劫，掠奪
plunge,v.投入；俯衝
plush,a.豪華的
plutocracy,n.財閥統治
pod,n.豆莢；v.剝掉(豆莢)
podiatrist,n.足醫
podium,n.講壇，指揮台
poignant,a.傷心的；尖銳的
poise,v.使相等，使平衡；n.泰然自若，鎮定
poisonous,a.有毒的；有害的
poke,v.刺，戳；嘲弄
polar,a.地極的，兩極的；磁極的
polarity,n.極端性，二極分化
polarize,v.使…兩極分化
polemic,n.爭論，論戰
polemical,a.挑起論戰的
polish,v.把…擦光亮，拋光；n.上光劑；(態度等)優雅
poll,n.民意測驗；選舉投票
pollen,n.花粉
pollinate,v.給…授粉
pollster,n.民意測驗家
pomposity,n.自大的行為，傲慢，自命不凡
pompous,a.自大的
poncho,n.鬥篷；雨衣
ponder,v.仔細考慮
ponderable,a.可估量的
ponderous,a.笨重的，笨拙的
pontifical,a.自以為是的；武斷的
pontificate,v.自大武斷地做或說
populace,n.民眾，老百姓
populous,a.人口稠密的
porcelain,n.瓷；瓷器
porcupine,n.豪豬，箭豬
pore,n.毛孔，氣孔
porous,a.可滲透的；多孔的
portentous,a.凶兆的，有危險的
portfolio,n.文件夾；股份單
portray,v.描繪，描述
pose,v.擺姿勢；造作
poseur,n.裝模作樣的人
posit,v.斷定，認為
posse,n.武裝團隊
possessed,a.著迷的；瘋狂的
poster,n.海報，招貼畫
postpone,v.使延期，推遲
postulate,v.假定；要求
posture,n.姿勢，體態；態度；v.故作姿態
potable,a.適於飲用的
potation,n.暢飲；飲料
potentate,n.統治者，當權者
potential,a.潛在的，有可能性的
potentiate,v.加強(力量，效果)
potpourri,n.混雜；雜文集
pottery,n.制陶；陶器
pout,v.噘嘴，板臉
practitioner,n.開業者；從事某種手藝者
pragmatic,a.實際的，實用主義的
prank,n.惡作劇，玩笑
prate,v.瞎扯，胡說
preach,v.傳教，講道
preamble,n.前言，序言；先兆
precarious,a.不穩的，危險的
precede,v.在…之前，早於
precept,n.箴言，格言
precipice,n.懸崖
precipitant,n.沈澱劑
precipitate,v.加速，促成；a.魯莽的
precipitation,n.降水(量)
précis,n.摘要，大綱
precise,a.精確的
preclude,v.避免，排除
precocious,a.早熟的
precursor,n.先驅，先兆
predator,n.食肉動物
predecessor,n.前任，前輩；原先的東西
predestine,v.注定
predicament,n.困境，窘境
predilection,n.偏袒，愛好
predisposition,n.傾向，癖性
predominant,a.有勢力的
predominate,v.支配，統治；佔優勢
preeminent,a.出類拔萃的
preempt,v.以先買權取得)；取代
preen,v.整理羽毛；(人)打扮修飾
preface,n.序言
pregnant,a.懷孕的；充滿的
prehistoric,a.史前的
prejudice,n.偏見，成見；v.使產生偏見
preliminary,a.預備的；初步的，開始的
preliterate,a.文字出現以前的
prelude,n.序幕，前奏
premature,a.過早的，早熟的
premeditate,v.預先想過，預謀
premeditated,a.預謀的，事先計劃的
premiere,n./v.首次公演
premise,n.前提
premium,n.保險費；獎金
premonition,n.預感，預兆
preoccupation,n.全神貫注；使人專注的東西
preponderate,v.(重量上，重要性上)壓倒，超過
preposition,n.介詞，前置詞
preposterous,a.荒謬的
prerequisite,n.先決條件
prerogative,n.特權
presage,n.預感；v.預示
prescience,n.預知，先見
prescribe,v.開處方；規定
prescription,n.處方(上的藥)
presentation,n.表演，介紹，描述
presenter,n.主持人
preservative,a.防腐的；n.防腐劑
preside,v.擔任主席；負責；指揮
press,v.擠壓
pressing,a.緊迫的，迫切的；懇切要求的
prestige,n.威信，威望，聲望
prestigious,a.有名望的，有威信的
presume,v.假定，認定
presumption,n.冒昧，專橫；假定
presupposition,n.預先假定，臆測
pretend,v.假裝；裝扮
pretension,n.自命不凡，誇耀
pretentious,a.自抬身價的
preternatural,a.異常的)；超自然的
pretext,n.藉口
prevail,v.戰勝；盛行
prevaricate,v.支吾其詞，說謊
preview,v./n.預演，預展
previous,a.在先的，以前的
prey,n.被捕食的動物
prim,a.端莊的，整潔的
primate,n.靈長類(動物)
prime,n.全盛時期；a.首先的；最好的
primp,v.(婦女)刻意打扮
principal,a.主要的，重要的
principle,n.原則，原理；道德准則
priority,n.在先，居前；優先權
pristine,a.太古的；純潔的；新鮮的
privation,n.喪失，貧困
privilege,n.特權，特別利益
probe,v.探索，探測
probity,n.剛直，正直
proboscis,n.(象)長鼻；(昆蟲等)吸管
proceeds,n.收入
procession,n.行列；前進
proclaim,v.宣告，宣佈；顯示
proclamation,n.宣佈，公告
procrastinate,v.耽擱，拖延
proctor,n.代理人，學監
procure,v.取得，獲得
procurement,n.獲得，接收
prod,v.刺，捅；激勵
prodigal,a.揮霍的；n.揮霍者
prodigious,a.巨大的
prodigy,n.奇事；奇才
produce,n.產品；農產品
productivity,n.生產力；生產率
profane,v.褻瀆，玷污
proffer,n./v.獻出，贈送；提議，建議
proficient,a.熟練的，精通的
profile,n.外形；輪廓側面像
profiteer,n.奸商，牟取暴利者
profligate,a.揮金如土的；n.揮霍者
profound,a.深的，深刻的；淵博的，深奧的
profuse,a.很多的；浪費的
progeny,n.後代，子女
prognosis,n.預後，對疾病的發作及結果的預言
prohibitive,a.抑制的；價格貴得買不起的
projectile,n.拋射物，發射體
projection,n.凸出物
projector,n.電影放映機，幻燈機
proliferate,v.繁殖；激增
prolific,a.多產的，多結果的
prolix,a.囉嗦的，冗長的
prolixity,n.羅嗦
prologue,n.開場白；序幕
prolong,v.延長，拉長
promenade,v./n.散步；開車兜風
prominent,a.顯著的；著名的
promote,v.提升；促進
prompt,v.促使，激起；a.敏捷的，迅速的
promulgate,v.頒布(法令)；宣傳
prone,a.俯臥的；傾向於…的
pronounced,a.(觀點等)強硬的，明顯的
prop,n.支撐物，靠山；v.支持
propagate,v.繁殖；傳播
propagation,n.繁殖
propel,v.推進
propeller,n.螺旋槳；推進器
propensity,n.嗜好，習性
prophecy,n.預言
prophet,n.先知，預言家
prophetic,a.先知的，預言的，預示的
propitiate,v.討好；撫慰
propitious,a.吉利的；順利的
proposal,n.提案，建議
proposition,n.看法；提議
proprietary,a.私有的
propriety,n.禮節；適當
propulsion,n.推進力
prosaic,a.單調的，無趣的
proscribe,v.禁止
prose,n.散文
prosecute,v.告發，檢舉
prosecution,n.起訴；實行，經營
proselytize,v.使…皈依
prospect,v.勘探；n.期望；前景
prosperity,n.繁榮；幸運；健康
prosperous,a.繁榮富強的
prostrate,a.俯臥的；沮喪的；v.使下跪鞠躬
protagonist,n.提議者，支持者
protean,a.變化多端的，多變的
protest,v./n.抗議，反對
protocol,n.外交禮節；協議，草案
prototype,n.原型；典型
protract,v.延長，拖長
protuberance,n.凸出，隆起
protuberant,a.突出的，隆起的
provenance,n.(藝術等的)出處，起源
provender,n.(牛馬吃的)草料，糧秣
provident,a.深謀遠慮的；節儉的
providential,a.幸運的；恰到好處的
provincial,a.偏狹的，粗俗的
provision,n.(糧食)供應；(法律等)條款
provisional,a.暫時的，臨時的
provisory,a.有附帶條件的
provocation,n.挑釁，激怒
prowess,n.勇敢；不凡的能力
prowl,v.潛行於，偷偷地漫遊
proximate,a.最接近的，直接的
prude,n.過分守禮的人
prudence,n.謹慎，小心
prudent,a.審慎的，三思而後行的，精明的
prudish,a.過分守禮的，假道學的
prune,n.梅乾；v.修剪
pry,v.刺探；撬開
pseudonym,n.假名，筆名
psyche,n.心智，精神
psychology,n.心理學，心理狀態
publicize,v.宣傳，引人注意
pucker,v.起皺；n.皺摺
puckish,a.淘氣的
puddle,n.水坑，窪
puerile,a.幼稚的；兒童的
pugilism,n.拳擊，搏擊
pugilist,n.拳擊手，拳師
pugnacious,a.好鬥的
puissance,n.權力
puissant,a.強有力的，強大的
pulchritude,n.美麗
pullet,n.小母雞
pulley,n.滑輪；滑車
pulp,n.果肉醬；紙漿
pulse,v.搏動，跳動；n.脈搏；脈衝
pulverize,v.壓成細粉；徹底擊敗
pun,n.雙關語
punch,v.以拳猛擊；打洞
punctilious,a.謹小慎微的
puncture,v.刺穿，刺破；n.刺孔，穿孔
pundit,n.權威人士，專家
pungent,a.味道刺激的；苛刻的
puny,a.弱小的，發育不良的
purchase,n.支點(阻止東西下滑)
purgative,n.瀉藥
purgatory,n.煉獄；受苦受難的地方
purge,v.清洗，洗滌
purify,v.使潔淨，淨化
purity,n.純潔，純淨；純度
purlieu,n.(常作複數)鄰近地區
purloin,v.偷竊
purported,a.謠傳的，聲張的，號稱的
pursue,v.追趕，追求，追蹤
purvey,v.(大量)供給，供應
pusillanimous,a.膽小的
pylon,n.高壓電線架；橋塔
pyre,n.火葬用的柴堆
quack,n.冒充內行之人；庸醫
quaff,v.痛飲，暢飲
quail,v.畏懼，顫抖
quaint,a.離奇有趣的
qualified,a.有資格的；有限制的
qualms,n.疑慮(尤指有關良心問題的)
quandary,n.困惑，進退兩難
quantum,n.量子；定量
quarantine,n.隔離檢疫期，隔離
quarry,n.獵物
quartet,n.四重奏，四重唱
quash,v.鎮壓；取消
quaver,v.發顫音，顫抖；n.顫音
quay,n.碼頭
quell,v.制止，鎮壓
quench,v.熄滅(火)；抑制(慾望)
querulous,a.抱怨的，多牢騷的
quest,v.搜尋，探求；n.探求
queue,v.排隊；n.長隊
quibble,n.遁詞；吹毛求疵的反對意見
quiescent,a.不動的，靜止的
quill,n.(豪豬等動物的)刺
quirk,n.奇事；怪癖
quisling,n.賣國賊，內奸
quiver,n.箭筒，箭囊
quixotic,a.不切實際的，空想的
quota,n.定額，配額
quote,v.引用，引述
quotidian,a.每日的；平凡的
rabble,n.烏合之眾；下等人
rabid,a.患狂犬病的；失去理性的
rabies,n.狂犬病；恐水病
raconteur,n.善於講故事的人
racy,a.活潑的，生動的
radius,n.半徑
raffish,a.粗俗的；俗艷的
raffle,n.(尤指為公益事業舉辦的)抽獎售物(活動)
rafter,n.椽子
rag,n.舊布，碎布；破舊衣服
rage,n.盛怒；v.激怒
ragged,a.破爛的
ragtime,n.拉格泰姆音樂；a.使人發笑的，滑稽的
raid,n.突然襲擊
rail,n.欄桿；鐵軌；v.咒罵，猛烈指責
raisin,n.葡萄乾
rakish,a.瀟灑的；放蕩的
rally,v.召集，集會；n.召集；集會
ram,n.公羊；撞錘，猛擊；填塞
ramble,n./v.漫步
rambunctious,a.騷亂的；(興奮)控制不了的
ramify,v.分支，分叉
rampage,v.狂暴地亂衝；n.暴怒
rampant,a.蔓生的，猖獗的
rampart,n.壁壘；城牆
ramshackle,a.搖搖欲墜的
rancid,a.不新鮮的，變味的
rancor,n.深仇，怨恨
random,a.沒有明確目的、計劃或者目標的；偶然的，隨便的
ranger,n.森林管理員；巡邏騎警
rankle,v.怨恨；激怒
ransom,n.贖金；贖身；v.贖回
rant,v.咆哮；口出狂言
rapacious,a.強奪的，貪婪的
rapids,n.急流，湍流
rapport,n.和睦，意見一致
rapprochement,n.和好，和睦
rapt,a.專心致志的，全神貫注的
rarefaction,n.稀薄
raspy,a.(聲音)刺耳的；惱人的
ratification,n.正式批准
ratiocination,n.推理；推論
ration,n.定量配給；v.配給
rational,a.理性的；合理的
rattle,v.使格格作響；使慌亂
raucous,a.(聲音)沙啞的，粗糙的
ravage,v.摧毀，使荒廢
rave,n.熱切贊揚；v.狂語
ravel,v.糾纏，糾結；拆開，拆散
ravenous,a.餓極了的，貪婪的
ravine,n.深谷，峽谷
ravishing,a.令人陶醉的
raze,v.徹底破壞
razor,n.剃刀，刮胡刀
reactant,n.反應物
reactionary,a.保守的，反動的
readily,adv.不遲疑地；迅速地，輕易地
ready,a.機敏的，迅速的
reagent,n.試劑(導致化學反應)
realign,v.重新組合(排列)
realm,n.王國；領域，範圍
ream,n.令(紙張的計數單位)
reap,v.收割，收穫
reaper,n.收割者
rebate,n.折扣，回扣
rebellious,a.反抗的，難控制的
rebuff,v.斷然拒絕
rebuke,v.指責，譴責
rebus,n.(以音、畫等提示的)字謎，畫謎
rebuttal,n.反駁，反證
recalcitrant,a.頑抗的
recall,v.回想，回憶起；收回；n.喚回
recant,v.改變，放棄(以前的信仰)
recantation,n.改變宗教信仰
recapitulate,v.扼要重述
recast,v.重鑄；更換演員
recede,v.後退，收回(諾言)
receipt,n.收到，接到；發票，收據
receptacle,n.容器
receptive,a.善於接受的；從善如流的
recess,n.壁凹(牆上裝的架子、櫃子等凹處)；休假
recession,n.經濟蕭條時期；撤回，退回
recessive,a.隱性遺傳的；後退的
recipe,n.食譜
recipient,n.接受者，收受者
reciprocal,a.相互的，互惠的
reciprocate,v.回報，答謝
recital,n.獨奏；吟誦
reclaim,v.糾正；開墾(土地)
recluse,n.隱士；a.隱居的
recoil,v.退卻，退縮
recollection,n.記憶力；記憶中的往事
recombine,v.重組，再結合
recompense,v.報酬，賠償
reconcile,v.和解，調和
recondite,a.深奧的
reconnaissance,n.偵察，預先探索
reconstitute,v.再組成；用水泡
recourse,n.求助，依靠
recruit,n.新兵；新成員；v.徵募
rectangle,n.長方形，矩形
rectify,v.改正，調正；提純
rectitude,n.誠實，正直
recumbent,a.側臥的；休息的
recuperate,v.恢復(健康)，復原
redeem,v.贖罪
redemptive,a.贖回的，救贖的，救世的
redirect,v.改寄(信件)；改變方向
redistribution,n.重新分配
redolent,a.芬芳的，芳香的
redoubtable,a.可敬畏的
redress,n.改正，修正
redundancy,n.過剩；備份；似乎多餘其實重要的後備力量
redundant,a.累贅的，多餘的
reed,n.蘆葦；簧片
reek,v.發臭味；冒煙
reel,n.捲軸，旋轉；v.卷…於軸上
refectory,n.(學院)餐廳，食堂
referee,n.裁判員；仲裁者
refinery,n.提煉廠，精煉廠
reflect,v.反射；仔細考慮
refraction,n.折射
refractory,a.倔強的；反應遲鈍的
refrain,v.抑制；n.歌曲的反復句，疊句
refresh,v.消除…的疲勞，使精神振作
refugee,n.難民，流亡者
refulgent,a.輝煌的，燦爛的
refurbish,v.刷新，擦亮
refute,v.駁斥
regale,v.款待；使…享受
regime,n.政權，政治制度
regress,v.使倒退，復原，逆行
regressive,a.退步的，退化的
regulate,v.管制；調整
rehabilitate,v.修復，恢復(職業等)
rehearsal,n.排演，演習
rehearse,v.排練，預演；詳述
reign,n.統治時期；王朝；領域
reimburse,v.償還
rein,n.繮繩；v.控制
reinforce,v.加強力量，增援
reinstate,v.恢復(原職)
reiterate,v.重申，反復地說
rejoice,v.喜歡，高興
rejuvenate,v.使返老還童
relapse,n.舊病復發；再惡化；v.舊病復發，再惡化
relate,v.講述；有關聯
relaxation,n.鬆弛，消遣
release,v.釋放，放出；n.釋放
relegate,v.降級，貶謫
relent,v.動憐憫心；減弱
relenting,a.減弱的，憐憫的
relentless,a.無情的，殘酷的
relevance,n.相關
reliance,n.信賴，信任
relic,n.遺物，遺跡
relieved,a.寬慰的，如釋重負的
religion,n.宗教，信仰
relinquish,v.放棄，廢除
relish,n.味道；喜好；v.喜好，享受
remainder,n.剩餘物
remains,n.遺址，廢墟
reminder,n.提醒人記憶之物
reminisce,v.追憶，懷舊
remiss,a.疏忽的，不留心的
remnant,n.殘餘物；零頭布料
remorse,n.懊悔，悔恨
remove,v.移走；脫掉；遷移
remunerative,a.報酬高的，有利潤的
rend,v.撕裂；猛拉
render,v.呈遞，表現；提供
rendering,n.演出；翻譯
rendezvous,n.約會；約會地點
renegade,n.叛教者，叛徒
renege,v.背信，違約
renounce,v.(正式)放棄
renovate,v.修復，裝修，翻新
renown,n.名望，聲譽
rent,n.裂縫；(意見)分歧
reparable,a.能補救的，可輓回的
reparation,n.賠償，補償
repartee,n.機靈的回答
repatriate,v.(自異國)遣返
repeal,v.廢除(法律)
repel,v.擊退，使…反感
repellent,a.令人厭惡的
repercussion,n.反響；影響；回聲
repertoire,n.(劇團等)常備劇目
repine,v.不滿，心中抱怨
replenish,v.補充，再裝滿
replete,a.飽滿的，塞滿的
reportorial,a.記者的；記實的
repose,n./v.躺著休息，安睡
reprehend,v.譴責，責難
reprehensible,a.應受譴責的
repressed,a.被壓制的，被壓抑的
reprieve,v.緩刑，暫時解救；n.緩刑，暫時解救
reprimand,n.訓誡，譴責；v.訓誡，譴責
reprisal,n.(政治或軍事的)報復
reprise,n.(音樂劇中)樂曲的重復；重復
reproach,n.譴責，責罵
reprobate,v.譴責，指責；adj./n.墮落的(人)
reproof,n.責斥，責備
reprove,v.責罵，申斥
reptile,n.爬行動物；卑鄙的人
reptilian,a.爬蟲類的；卑下的
repudiate,v.拒絕，拋棄
repugnance,n.嫌惡，反感
repugnant,a.令人厭惡的
repulse,v.驅逐，擊退；厭惡；n.驅逐，擊退，厭惡
repulsion,n.厭惡，反感；排斥力
reputation,n.名聲
repute,n.名聲，名譽
request,n.要求，請求；v.要求，請求
requisite,n.必需物；a.必要的
requite,v.報答；報復
rescind,v.廢除，取消
rescission,n.廢除
rescue,n./v.解救；把…從法律監管下強行奪回
resent,v.憎惡，憤恨
resentment,n.憤恨，怨恨
reserve,n.儲備(物)，儲藏量；緘默，謹慎；v.保留，儲備，預訂
reside,v.居住
resident,n.居民；a.定居的，常駐的
residual,a.殘餘的，剩餘的
residue,n.剩餘
resignation,n.聽從，順從；辭職
resigned,a.逆來順受的，順從的
resilience,n.彈性，彈力
resilient,a.有彈性的；能恢復活力的，適應力強的
resin,n.樹脂
resonant,a.(聲音)洪亮的；共鳴的
resort,n.度假勝地
resound,v.回蕩著聲音；鳴響
resourceful,a.機智的
respiration,n.呼吸
respite,n.休息；暫緩
resplendent,a.華麗的，輝煌的
respondent,n.被告
response,n.反應，響應，回答
responsive,a.敏感的，反應快的
responsiveness,n.應答，響應
restitution,n.歸償；賠償
restive,a.不安靜的，不安寧的
restiveness,n.倔強；難以駕御
restless,a.不停的；不安靜的
restore,v.使回復，恢復；修復，修補
restored,a.恢復的，復修的
restrain,v.克制，抑制
restraint,n.克制
resume,v.重新開始，繼續
resurgence,n.再起，復活，再現
resurrect,v.使復活；復興
resuscitate,v.使復活，使蘇醒
retail,v.零售；n.零售
retain,v.保留，保持；留住
retainer,n.侍從
retaliate,v.報復，反擊
retaliation,n.報復
retard,v.妨礙；減速
reticent,a.沈默不語的
retinue,n.侍從，隨員團
retiring,a.隱居的，不喜歡社交的
retort,v.反駁
retouch,v.修描；潤色
retrace,v.回顧，追想
retract,v.縮回，收回
retreat,n./v.撤退；隱居處
retrench,v.節省，緊縮費用
retribution,n.報應，懲罰
retrieve,v./n.尋回，取回；輓回(錯誤)
revealing,a.暴露的，裸露的；揭露性的
revelation,n.顯示；洩露的事實
revelry,n.狂歡
revenge,n.報復，報仇
revenue,n.總收入；國家的稅收收入
reverberate,v.起回聲，反響
revere,v.尊敬
reverie,n.幻想，夢幻曲
reverse,n.反面；相反；v.倒車；反轉
revert,v.恢復，回復到；重新考慮
revile,v.辱罵，惡言相向
revise,n./v.改變，修正
revitalize,v.使重新充滿活力
revive,v.使蘇醒；再流
revolt,v.叛亂，造反；反感
revue,n.時事諷刺劇
reward,n.酬報，獎賞；v.酬謝，獎賞
rewarding,a.有益的，值得做的
rhetoric,n.修辭學，浮誇的言語
rhinestone,n.水晶石，萊茵石
rhubarb,n.(植物)大黃；v./n.喧鬧爭吵
rhyme,n.押韻；v.押韻
rhythmic,a.有節奏的
rib,n.肋骨；傘骨
ribald,a.下流的，粗鄙的
rickety,a.不牢靠的，搖搖欲墜的
riddle,n.謎語
rider,n.騎手；附文，附件
ridge,n.脊(如屋脊，山脊等)；隆起物
ridicule,n.奚落；v.嘲笑
rife,a.流行的，普遍的
rifle,n.步槍；v.搶劫
rift,n.裂口，斷裂；矛盾
rig,v.欺騙，舞弊，偽造
rigid,a.硬性的，剛硬的
rigor,n.嚴酷；嚴格，苛刻；嚴密，精確
rile,v.使…惱火，激怒
rind,n.(西瓜等)外皮
ringlet,n.捲髮
riot,v.參加暴動
riotous,a.暴亂的；蠻橫的
ripen,v.使成熟
ripple,v.起漣漪；n.細浪，漣漪
rite,n.(宗教的)儀式
ritual,n.儀式，例行習慣
rival,n.競爭者，對手；v.與…匹敵
rivalry,n.競爭，對抗
rive,v.撕開，分裂
riven,a.撕裂的，分裂的
rivet,n.鉚釘；v.吸引(注意力)
riveting,a.非常精彩的
rivulet,n.小溪，小河
robe,n.長袍，禮服
robust,a.健壯的
roe,n.魚卵
roil,v.煽動，攪渾
rookie,n.新兵，新手
roster,n.值班表，花名冊
rostrum,n.講台，講壇
rotate,v.旋轉，轉動；輪流，交替
rotten,a.腐敗的；糟糕的
roughen,v.變得粗糙，變得不平
royalty,n.版稅
rubicund,a.(臉色)紅潤的
rudder,n.船舵；領導者
rudimentary,a.初步的，未充分發展的
rue,n.後悔，遺憾
ruffian,n.惡棍，歹徒；a.殘暴的
ruffle,v.弄皺；激怒；n.皺邊(裝飾衣服)
ruminant,a.(動物)反芻的；沈思的
rumple,v.弄皺，弄亂
rung,n.梯子橫擋，梯級
runic,a.北歐古代文字的；神秘的
rupture,n./v.破裂，斷裂
rural,a.鄉村的
ruse,n.騙術，詭計
rustic,a.鄉村的，鄉土氣的
ruthlessness,n.無情，殘忍
sabotage,n.陰謀破壞，顛覆活動
saboteur,n.從事破壞活動者
saccharin,n.糖精
sacred,a.神聖的，莊嚴的
sacrifice,n.犧牲；v.宰牲祭神
sacrilege,n.褻瀆，冒犯神靈
sacrilegious,a.褻瀆神聖的
sadden,v.使傷心，使悲哀
saddle,n.鞍，馬鞍
safeguard,n.防範措施
sagacious,a.聰明的，睿智的
sage,a.智慧的；n.智者
saintly,a.聖徒似的，極為聖潔的
salient,a.顯著的，突出的
saliva,n.唾液，口水
salmon,n.大麻哈魚；鮮肉色
salubrious,a.有益健康的
salutary,a.有益的，有益健康的
salutation,n.招呼，致意，敬禮
salute,v.行舉手禮；向…致意；n.敬禮
salvage,n./v.(從災難中)搶救，海上救助
salve,n.藥膏；v.減輕，緩和
sampler,n.刺繡花樣；取樣員
sanctify,v.使神聖
sanctimonious,a.假裝神聖的
sanction,n./v.批准，認可
sandal,n.涼鞋，拖鞋
sane,a.神志清楚的，明智的
sanguine,a.樂觀的
sanity,n.神志清楚
sap,n.樹液；活力；v.消弱，耗盡
sapient,a.有智慧的
sapphire,n.青石，藍寶石；a.天藍色的
sarcastic,a.諷刺的
sartorial,a.裁縫的，縫製的
sash,n.肩帶
sate,v.使心滿意足，使厭膩
satiated,a.；厭倦的，生膩的
satire,n.諷刺(作品)
satirize,v.諷刺
saturate,v.浸透；使充滿
saturated,a.滲透的，飽和的
saturnine,a.憂鬱的，陰沈的
saunter,n./v.閒逛，漫步
savage,a.凶猛的，野蠻的
savant,n.博學之士，大學士
savvy,a.有見識和精明能幹的
sawdust,n.鋸屑
scabbard,n.(刀劍)鞘
scad,n.許多，大量
scaffold,n.腳手架(造房時搭的架子)
scalding,a.滾燙的
scale,n.魚鱗；(音樂)音階
scalpel,n.外科手術刀，解剖刀
scandal,n.醜聞；惡意誹謗
scant,a.不足的，缺乏的
scarcity,n.不足，缺乏
scarf,n.圍巾，披肩
scathing,a.苛刻的，嚴厲的
scatter,v.散開，驅散
scenario,n.劇情說明書；劇本
schematic,a.綱要的，圖解的
schematize,v.扼要表示
scheme,n.陰謀；(作品等)體系，結構
schism,n.組織分裂
school,n.魚群
scion,n.嫩芽；子孫
scissor,n.剪刀
scoff,v.嘲笑；狼吞虎嚥；n.嘲笑，笑柄
scoop,n.小鏟，勺子；v.(用勺子)取出，舀出
scope,n.眼界；範圍
scorch,v.烤焦，燒焦
score,n.樂譜
scorn,n.輕蔑；v.輕蔑，瞧不起
scorpion,n.蠍子
scotch,v.鎮壓，粉碎
scourge,n.鞭笞；磨難；v.鞭笞，磨難
scowl,n.怒容；v.生氣地皺眉，怒視
scrap,n.小片，碎屑；v.廢棄
scrappy,a.碎片的；好鬥的；堅毅的
scrawl,v.潦草地寫，亂塗
screw,n.螺絲釘，螺旋；吝嗇鬼
screwdriver,n.螺絲起子；改錐
scribble,v.亂寫，亂塗
script,n.劇本，腳本
scripture,n.經文，聖典
scroll,n.捲軸，紙捲；畫卷
scrub,n.矮樹叢；身體矮小的人；v.用力擦洗
scruple,n.顧忌，遲疑；v.顧忌
scrutable,a.可以理解的
scrutinize,v.詳細檢查；細讀
scuff,v.拖著腳走
sculpt,v.雕刻
sculptor,n.雕刻家
scurrilous,a.下流的
scurry,v.急跑，疾行
scurvy,a.卑鄙的，可鄙的
scythe,n.大鐮刀
seam,n.縫，接縫
seamy,a.骯髒的，惡劣的
sear,v.(以烈火)燒灼
seasoned,a.有經驗的，訓練有素的
seasoning,n.調味品，佐料
secede,v.正式脫離或退出(組織)
secrete,v.隱藏；分泌
secretive,a.守口如瓶的
secular,a.世俗的，塵世的
secure,a.安全的；穩固的；v.固定；使安全
securities,n.證券
sedate,a.鎮靜的
sedative,a.(藥物)鎮靜的；n.鎮靜劑
sedentary,a.久坐的
sediment,n.沈澱物，渣
sedulity,n.勤奮，勤勉
sedulous,a.聚精會神的，勤勉的
seedling,n.幼苗
seemly,a.得體的，適宜的
seep,v.(液體等)滲漏
seethe,v.沸騰，洶湧
segment,n.部分
seine,n.拉網，大捕魚網
seismic,a.地震的
semblance,n.外貌；相似
seminal,a.有創意的
seminary,n.神學院
sensation,n.知覺；轟動(的事)
sensible,a.明智的；可感覺到的
sensitive,a.敏感的
sensitivity,n.敏感，靈敏性
sensitization,n.敏化
sentient,a.有知覺的；知悉的
sentiment,n.多愁善感；思想感情
sentinel,n.哨兵，衛兵
separate,v.使分開；a.不同的；獨自的
septic,a.受感染的，腐敗的
sepulchral,a.墳墓的；陰深的
sequential,a.連續的，一連串的
sequester,v.(使)隱退；使隔離
seraphic,a.如天使般的，美麗的
sere,a.乾枯的，凋萎的
serene,a.清澈的，晴朗的，安靜的
serial,a.連續的，一系列的
sermon,n.佈道；說教，訓誡
serrate,a.鋸齒狀的
serrated,a.呈鋸齒狀的
serried,a.密集的
serviceable,a.可用的，耐用的
servile,a.奴性的，百依百順的
servitude,n.奴役，勞役
setback,n.挫折
settle,v.安置於；決定；棲息
settled,a.固定的
sever,v.切斷，脫離
severe,a.嚴格的；凶猛的
sewer,n.排水溝，下水道
sextant,n.六分儀(航海定向儀器)
shackle,n.腳鐐，枷鎖
shale,n.頁岩(一種由似泥土細粒的沈澱物層組成的易分裂的岩石)
sham,n.虛假；v.偽裝
shambles,n.凌亂景象，雜亂無章
shard,n.(陶器等)碎片
shattered,a.粉碎的；破壞的
shavings,n.刨花
shear,v.剪(羊毛)，剪發
sheath,n.(刀、劍)鞘、套
sheathe,v.將(刀，劍等)插入鞘
shed,v.流出(眼淚等)；脫落(葉子)
sheer,a.完全的；陡峭的；極薄的
shell,n.貝殼；炮彈；v.剝去…的殼
shelter,n.掩蔽處，掩蔽；v.庇護，保護
shelve,v.擱置
sheriff,n.警長，縣治安官
shield,n.盾；v.掩護，遮擋
shiftiness,n.奸詐
shiftless,a.沒有決斷力的；偷懶的；無能的
shingle,n.木瓦，屋頂板；木質小招牌
shipshape,a.整潔的，井然有序的
shirk,v.逃避，規避
shoal,n.淺灘，淺水處；一群(魚等)；a.水淺的
shoddy,n.劣質的，冒充好貨的
shoot,n.嫩芽，新芽
shoplift,v.在商店裡偷竊貨品
shopworn,a.在商店中陳列舊了的
shoulder,n.肩；路肩
shove,v.推擠，猛推
shrewd,a.判斷敏捷的，精明的
shriek,v.尖叫
shrine,n.神龕，聖地
shrink,v.收縮，皺縮
shroud,n.壽衣；遮蔽物；v.覆蓋
shrub,n.灌木
shrug,v.聳肩(表示懷疑等)
shuck,n.(植物的)殼，夾；無用之物
shudder,v./n.戰慄，發抖
shun,v.避免，閃避
shunt,v.使(火車)轉到另一軌道，轉移方向
sibilant,a.發出噝噝聲的
sibling,n.兄弟或姊妹
sibyl,n.女預言家，女先知
sidereal,a.恆星的
sideshow,n.雜耍，穿插表演
sidestep,v.橫跨一步以躲避；回避
siege,n.包圍，圍攻
sift,v.篩，過濾
signal,n.信號；v.發信號；a.顯著的
significant,a.相當數量的；意義重大的
signify,v.表示；有重要性
sill,n.門檻；窗台
silt,n.淤泥，淤沙
silversmith,n.銀匠
simper,v.痴笑，傻笑
simpleton,n.笨蛋
simulate,v.假裝，模仿
simultaneous,a.同時發生的
sincere,a.誠實的，正直的；真摯的，純淨的
sinecure,n.掛名差事，閒職
sinew,n.腱，肌肉；力量
singe,v.(輕微地)燒焦，燙焦
singularity,n.獨特；奇點(天文學上密度無窮大、體積無窮小的點)
sinuous,a.蜿蜒的，迂迴的
sip,v.啜飲
siren,n.汽笛，警報器
skeleton,n.骨架，骨骼；提綱
sketchy,a.概略的，粗略的
skew,a.不直的，歪斜的
skewer,n.(烤肉用的)穿肉桿；v.用桿穿好
skiff,n.輕舟，小船
skillet,n.煎鍋
skim,v.從液體表面撇去；瀏覽，略讀
skimp,v.節省花費
skinflint,n.吝嗇鬼
skirmish,n.小戰，小爭吵
skirt,v.環繞，逃避
skit,n.幽默諷刺短劇
skyscraper,n.摩天大樓
slab,n.厚板，厚塊
slack,a.懶散的，懈怠的；(繩)鬆弛的；v.松懈，怠惰
slacken,v.(使)鬆弛，放鬆
slag,n.爐渣，礦渣
slake,v.解渴，消渴
slander,v./n.誹謗，詆毀
slanderous,a.誹謗的
slant,v.傾斜；n.斜面；看法
slate,n.石板；候選人名單；v.提名
slaughter,v./n.屠殺，屠宰
sleigh,n.(馬拉的)雪橇
slew,v.(使)旋轉；n.大量
slice,v.切成片；n.薄片
slick,a.熟練的；圓滑的；光滑的
slight,a.微小的；n./v.輕蔑
slippage,n.滑動，下降
slippery,a.滑的；狡猾的
slipshod,a.馬虎的，草率的
slither,v.(蛇)滑動，扭動前進
sliver,n.長條；v.裂成細片
sloppy,a.邋遢的，不整潔的
slot,n.狹孔
sloth,n.懶惰；樹獺(一種動物)
slouch,n.沒精打採的樣子；v.沒精打採地坐(站、走)
slough,v.(蛇等)蛻皮；n.(蛇等的)蛻皮
sluggard,n.懶鬼
sluice,n.水門，水閘；v.沖洗
slumber,v.睡眠，安睡；n.安睡
slur,v.含糊不清地講
slurp,v.大聲地啜喝
sly,a.狡猾的，鬼鬼祟祟的
smarmy,a.虛情假意的
smart,n.痛苦；a.時髦的；聰明的
smattering,n.略知；少數
smear,n.油漬，污點；v.弄髒，玷污
smirk,v.假笑，得意地笑
smooth,a.光滑的；平穩的；v.弄平，使光滑；消除
smother,v.覆蓋；(使)悶死
smudge,n.漬痕；v.弄髒
smug,a.自滿的，自命不凡的
smuggle,v.走私，私運
snare,n.羅網，陷阱
snarl,n./v.糾纏，混亂
snatch,n./v.強奪，攫取
sneaking,a.秘密的，不公開的
sneer,v.嘲笑，鄙視
snide,a.諷刺的，含沙射影的
snip,v.剪斷
snitch,v.告密；偷
snobbish,a.勢利眼的；假充紳士的
snowdrift,n.雪堆
snub,v.冷落，不理睬
snug,a.溫暖的，舒適的
soak,v.浸泡，滲透
soar,v.高飛，翱翔；猛增
sober,a.清醒的；莊重的
sobriety,n.節制，莊重
sock,v.重擊，痛打
sod,n.草地，草坪
sodden,a.浸透了的
soggy,a.濕透的
soil,n./v.弄髒，污損
solace,n.安慰，慰藉
solder,v.焊接，焊合
solemn,a.嚴肅的，莊嚴的；黑色的
solemnity,n.莊嚴，肅穆
solicit,v.懇求；教唆
solicitous,a.熱切的；掛念的
solicitude,n.關懷，牽掛
solidarity,n.團結，一致
solidify,v.鞏固，(使)凝固，(使)團結
solitary,a.孤獨的；n.隱士
solitude,n.孤獨
solo,a.單獨的；n.獨唱
soluble,a.可溶的；可以解決的
solvent,a.有償債能力的；n.溶劑
somatic,a.肉體的
somber,a.憂鬱的；陰暗的
sonata,n.奏鳴曲
sonnet,n.十四行詩
soot,n.黑煙灰，油煙
soothe,v.撫慰；減輕
sop,n.泡過的食品；安慰品
sophism,n.詭辯；詭辯法(術)
sophisticated,a.老於世故的；(儀器)精密的
sophistication,n.詭辯，強詞奪理；久經世故，老練，精明
sophistry,n.詭辯
soporific,a.催眠的；n.安眠藥
sopping,a.渾身濕透的
sorcery,n.巫術，魔法
sordid,a.卑鄙的；骯髒的
souvenir,n.紀念品
sovereign,n.最高統治者，元首
sovereignty,n.主權，統治權
sow,n.母豬；v.播種
spackle,n.填泥料(用以填塞裂縫和洞穴)
span,n.跨度；兩個界限間的距離
spank,v.打，拍打(在屁股上)
sparing,a.節儉的
spark,n.火花，火星
sparring,n.拳擊，爭鬥
sparse,a.稀少的，貧乏的
spartan,a.簡樸的；刻苦的
spat,n.口角，小爭論
spate,n.大批，大量；(水)泛濫
spatial,a.有關空間的，在空間的
spatula,n.(調拌等用的)抹刀
spawn,n.(魚等)卵子；v.大量生產
spear,n.矛；嫩葉；v.刺戳
specialize,v.專門研究
specialized,a.專門的
specifics,n.細小問題，細節
specimen,n.範例，樣品，標本
specious,a.似是而非的；華而不實的
speck,n.斑點；少量
spectacular,a.壯觀的，引人入勝的
spectator,n.觀眾，觀看者
specter,n.鬼魂，幽靈；恐懼
spectral,a.幽靈的
spectrum,n.光譜；範圍
speculate,v.沈思，思索；投機
speculative,a.投機的；推理的，思索的
spell,n.連續的一段時間
spendthrift,adj./n.揮金如土的(人)
spike,n.長釘，大釘
spin,v.旋轉；紡，紡紗；n.旋轉
spindly,a.細長的，纖弱的
spineless,a.沒骨氣的，懦弱的
spiny,a.針狀的；多刺的，棘手的
spire,n.(教堂)尖頂
spiritual,a.精神的
spite,n.怨恨，惡意
spleen,n.怨怒
splendor,n.壯麗；輝煌
splice,v.接合，銜接
splint,n.(固定斷骨的)夾板，托板
split,n./v.分裂，裂開
splurge,n.炫耀，擺闊
spoil,v.損壞，破壞；溺愛
spoke,n.(車輪上)輻條
spongy,a.像海綿的；不堅實的
spontaneity,n.自然，自發
spontaneous,a.自發的；自然的
spoof,v.揶揄，嘲諷
sporadic,a.不定時發生的
sport,v.炫耀，賣弄
sprain,v.扭傷
sprawling,a.植物蔓生的，(城市)無計劃地擴展的
sprig,n.嫩枝，小枝
sprightly,a.愉快的，活潑的
sprout,v.長出，萌芽；n.嫩芽
spruce,n.雲杉；a.整潔的
spur,v.刺激，激勵；用馬刺刺馬
spurious,a.假的；偽造的
squabble,n.爭吵
squalid,a.污穢的，骯髒的
squall,n.短暫、突然且猛烈的風暴；短暫的騷動
squalor,n.不潔，污穢
squander,v.浪費，揮霍
square,v.一致，符合；結清
squash,v.壓碎，擠壓；n.南瓜
squat,v.蹲下；a.矮胖的
squeeze,v.壓，擠；n.壓榨，緊握
squelch,v.壓制，鎮壓
squint,v.斜視
squirrel,n.松鼠
staccato,a.(音樂)斷音的，不連貫的
stagnant,a.停滯的
staid,a.穩重的，沈著的
stain,v.玷污；染色
stake,n.柱樁；賭注
stale,a.不新鮮的，陳腐的
stalemate,n.和棋局面，僵局
stalk,v.隱伏跟蹤(獵物)
stall,v.使停止，使延遲
stalwart,a.健壯的，堅定的
stammer,v.口吃，結巴
stamp,v./n.跺腳；在…上蓋印
stance,n.站姿；立場
stanch,v.制止(血液)，止住
stanza,n.(詩)節，段
staple,n.主要產品
starchy,a.含澱粉的；刻板的
stark,a.(外表)僵硬的；完全的
startle,v.使吃驚
stasis,n.停滯
static,a.靜態的，呆板的
stationary,a.靜止的，不動的
statuary,n.雕像；雕塑藝術
stature,n.身高，身材
status,n.身分，地位
statute,n.法規，法令
statutory,a.法定的；受法令所約束的
steadfast,a.忠實的；不變的
stealth,n.秘密的行動
steep,v.浸泡，浸透
steer,v.操舵，駕駛；n.公牛，食用牛
stellar,a.星的，星球的
stem,n.(植物的)莖，葉柄；v.阻止，遏制(水流等)
stench,n.臭氣，惡臭(stink)
stencil,n.(用以刻寫圖案、文字的)模板；v.用模板刻寫
stentorian,a.(指聲音)極響亮的
stereotype,n.固定形式，老套
sterile,a.貧瘠且無植被的；不孕的；無細菌的
sterilize,v.使不育；殺菌
stern,n.船尾
stethoscope,n.聽診器
stickler,n.堅持細節之人
stiff,a.僵直的，呆板的，嚴厲的
stifle,v.感到窒息；抑止
stigma,n.恥辱的標誌，污點
stigmatize,v.污蔑，玷污
stilted,a.(文章，談話)不自然的；誇張的
stimulant,n.興奮劑，刺激物
stimulus,n.刺激物，激勵
sting,v.刺痛；叮螫；n.螫刺
stinginess,n.小氣
stingy,a.吝嗇的，小氣的
stint,v.吝惜，節省
stipple,v.點畫，點描
stipulate,v.要求以…為條件；約定
stipulation,n.規定，約定
stir,v.刺激
stitch,n.(縫紉時的)一針，一鈎；v.縫合
stock,a.普通的，慣用的；n.存貨
stockade,n.柵欄，圍欄
stocky,a.矮胖的，粗壯的
stodgy,a.乏味的
stoic,n.堅忍克己之人
stoke,v.給…添加燃料
stolid,a.無動於衷的
stomach,v.吃得下；容忍
stonewall,v.拖延議事，設置障礙
stout,a.肥胖的；強壯的
stowaway,n.(藏於輪船、飛機中的)偷乘者
straightforward,a.正直的；易懂的；直截了當的
strait,n.海峽；a.狹窄的
strand,n.繩線的一股；v.擱淺
stranded,a.擱淺的，進退兩難的
stratagem,n.謀略，策略
stratify,v.(使)層化
stratum,n.地層；社會階層
stray,v.偏離，迷路；a.迷了路的；零落的
streak,n.線條，條紋；v.加線條
stream,n.小溪；水流；v.傾注，湧流
stretch,v.變長；伸展
strew,v.撒，散播
striate,v.在…加上條紋
striated,a.有條紋的
stricture,n.嚴厲譴責；束縛
stride,v.大步行走
strident,a.尖聲的，刺耳的
strife,n.紛爭，衝突
striking,a.引人注目的，明顯的
stringent,a.(規定)嚴格的，苛刻的；缺錢的
strip,v.剝去；n.狹長的一片
strive,v.奮鬥，努力
stroke,v.撫摸；n.擊，打；一筆
stroll,v.漫步，閒逛
strut,v.趾高氣揚地走；n.支柱
stubborn,a.固執的；難以改變的
studied,a.慎重的；認真習得的
stuffy,a.(空氣)不新鮮的，悶氣的
stultify,v.使變得荒謬可笑；使無用
stunning,a.極富魅力的
stunt,v.阻礙(成長)；n.特技，絕技
stupor,n.昏迷，不醒人事
sturdy,a.(身體)強健的；結實的
stutter,n./v.口吃，結巴
stygian,a.陰暗的，陰森森的
stylus,n.鐵筆
stymie,v.妨礙，阻撓
subdue,v.征服；壓制；減輕
subdued,a.(光和聲)柔和的，緩和的；(人)溫和的
subject,n.受支配的人，隸屬
subjective,a.主觀的，想象的
subjugate,v.征服，鎮壓
sublime,a.崇高的
subliminal,a.潛意識的
submission,n.恭順
submit,v.屈服；提交，呈遞
suborn,v.收買，賄賂
subpoena,n.(法律)傳票；v.傳訊
subsequent,a.隨後的，後來的，連續的
subside,v.(建築物等)下陷
subsidiary,a.輔助的；次要的
subsidy,n.補助金
subsistence,n.生存，生計；存在
substance,n.大意，根據，實質；物質
substantial,a.堅固的，結實的；實質的
substantiate,v.證實，確證
substantive,a.根本的；獨立存在的
substitute,n.代替品；v.代替
subsume,v.包含，包容
subterfuge,n.詭計，托辭
subterranean,a.地下的
subtle,a.微妙的，精巧的
subtract,v.減去，減掉
subversive,a.顛覆性的，破壞性的
subvert,v.顛覆，推翻
succinct,a.簡明的，簡潔的
succor,v./n.救助，援助
succumb,v.屈從；因…死亡
suffice,v.足夠，(食物)滿足
sufficient,a.足夠的
suffocate,v.(使)窒息而死
suffrage,n.選舉權，投票權
suffragist,n.參政權擴大論者；婦女政權論者
suffuse,v.(色彩等)瀰漫，染遍
suggestive,a.暗示的
suitcase,n.手提箱，箱子
sulky,a.生氣的
sullen,a.憂鬱的
sultry,a.悶熱的；(人)風騷的
summarily,adv.概括地；倉促地
summary,n.摘要，概要；a.摘要的，簡略的
summation,n.總結，概要；總數，合計
summon,v.召見；召集
sumptuous,a.豪華的，奢侈的
sunder,v.分裂，分離
superb,a.上乘的，出色的
supercilious,a.目中無人的
superficial,a.表面的，膚淺的
superficiality,n.淺薄
superfluity,n.多餘的量
superfluous,a.多餘的，累贅的
superimpose,v.加在上面
superintend,v.監督
superiority,n.優越(感)
supernova,n.超新星
supersede,v.淘汰，取代
supervise,v.監督，管理
supine,a.仰臥的；懶散的
supplant,v.排擠，取代
supple,a.伸屈自如的
supplement,v./n.增補，補充
suppliant,a.懇求的，哀求的；n.懇求者
supplicant,n.乞求者，懇求者
supplicate,v.懇求，乞求
supremacy,n.至高無上，霸權
supreme,a.至高的；極度的
surcharge,v.對…收取額外費用；n.附加費
surfeit,n.(食物)過量，過度；v.使過量
surge,v.波濤洶湧，波動
surgeon,n.外科醫師；軍醫，船上的醫生
surly,a.脾氣暴躁的；陰沈的
surmise,n.推測，猜測；v.推測
surmount,v.克服，戰勝
surpass,v.超過
surplus,a.過剩的；盈餘的
surrealism,n.超現實主義
surrender,v.投降；放棄；歸還
surreptitious,a.鬼鬼祟祟的
surrogate,n.代替品；代理人
surveyor,n.測量員
survive,v.幸存
susceptibility,n.易感性
susceptible,a.易受影響的，脆弱的
suspect,v.懷疑；n.嫌疑犯；a.可疑的
suspend,v.暫緩，中止；吊，懸
suspense,n.懸念；掛念
suspicion,n.懷疑，覺察，嫌疑
suspicious,a.懷疑的
sustain,v.承受(困難)，支撐(重量)
sustained,a.持久的，經久不衰的
sustenance,n.食物，糧食；生計
suture,n.(傷口的)縫線；v.縫合
svelte,a.(女人)體態苗條的
swagger,v.大搖大擺地走
swallow,v.吞下，咽下；忍受
swamp,n.沼澤；v.使陷入；淹沒
sway,v.搖動，搖擺；影響使改變；n.搖動
swell,v.腫脹，增強
sweltering,a.酷熱的
swerve,v.突然改變方向
swift,a.迅速的；敏捷的
swill,v.沖洗；痛飲
swindle,v.詐騙
swine,n.豬
swing,v.搖擺；旋轉；n.鞦韆
swirl,v.旋轉；n.漩
sybarite,n.奢侈逸樂的人
sybaritic,a.放縱的
sycophant,n.馬屁精
syllabus,n.教學綱要
symbiosis,n.共生(關係)
symmetry,n.對稱；均衡
symphony,n.交響樂，交響曲
synchronous,a.同時發生的
syndrome,n.綜合症狀
synergic,a.協同作用的
synopsis,n.摘要，概要
synoptic,a.摘要的
synthesis,n.綜合，合成
syringe,n.注射器
table,v.擱置，不加考慮
taboo,a.諱忌的；n.禁忌
tacit,a.心照不宣的
taciturn,a.沈默寡言的
tackiness,n.膠粘性
tackle,v.處理；n.滑車
tact,n.機智；圓滑
tactic,n.(達到目的的)手段；戰術
tactile,a.有觸覺的
tadpole,n.蝌蚪
tag,n.鞋帶；附屬物，標籤
taking,a.楚楚動人的
talisman,n.避邪物，護身符
tally,v.(使)一致，符合
talon,n.猛禽的銳爪
tambourine,n.鈴鼓，手鼓
tame,a.馴服的；沈悶的
tamp,v.搗實，砸實
tamper,v.損害，竄改
tan,v.鞣(革)
tangential,a.切線的；離題的
tangible,a.可觸摸的
tangle,v.纏結；n.紛亂
tango,n.探戈舞
tangy,a.強烈的，撲鼻的
tantalize,v.挑惹，挑逗
tantamount,a.與…相等的
tantrum,n.發脾氣，發怒
taper,n.細蠟燭；v.(長形物體的)逐漸變細
tapestry,n.掛毯
tardy,a.緩慢的，遲緩的
tare,n.莠草，雜草
tariff,n.關稅
tarnish,n./v.失去光澤，晦暗
tarpaulin,n.防水油布
tart,a.酸的；尖酸的
tasty,a.味道好的
tatty,a.簡陋的，不整潔的
taut,a.繃緊的
tauten,v.拉緊，繃緊
tawdry,a.華而不實的，俗麗的
taxing,a.繁重的
taxonomist,n.分類學家
tear,v.撕裂
tease,v.逗樂，戲弄；強求；n.揶揄，戲弄，取笑
technocrat,n.技術管理人員
tedious,a.冗長的，沈悶的
tedium,n.單調乏味
teeter,v.搖擺，躊躇
telling,a.有效的，顯著的
temerity,n.魯莽，大膽
temp,v.做臨時工作
temper,v.錘鍊；緩和；n.脾氣
tempest,n.暴風雨；騷動
tempestuous,a.狂暴的
tempo,n.(動作、生活的)步調，速度
temporal,a.時間的；世俗的
temporize,v.拖延；見風使舵
temptation,n.誘惑，誘惑物
tenable,a.站得住腳的，無懈可擊的
tenacious,a.堅韌不拔的
tenacity,n.堅持，固執
tenant,n.房客
tend,v.照料，看顧
tendentious,a.有偏見的
tender,v.(希望對方接受的意見等)
tenet,n.信念；信條；教義
tenor,n.男高音；要點，要旨
tension,n.緊張，焦慮；張力
tentative,a.試探性的，嘗試性的
tenuous,a.細薄的，稀薄的；空洞的
tenure,n.任期；終身職位
tepid,a.微溫的
terminal,a.末端的；n.終點站，終端
terminate,v.終止，結束
termination,n.終點
terminology,n.術語，術語學
terminus,n.(火車，汽車)終點站
termite,n.白蟻
terrace,n.一層梯田；陽台
terrain,n.地勢，地形
terrestrial,a.地球的；陸地的
terse,a.簡潔的，簡明的
testament,n.遺囑；證明
testator,n.立遺囑的人
testify,v.見證，證實
testimony,n.證言，證明
testiness,n.易怒
testy,a.性急的，暴躁的
tether,v.用繩或鏈拴住(牲畜)；n.(拴牲畜的)繩或鏈；限度，範圍
texture,n.質地；結構
thatch,v.以茅草覆蓋；n.茅草屋頂，茅草
thaw,v.解凍，溶化
thematic,a.主題的
theocracy,n.神權政治
theoretical,a.不切實際的；理論(上)的
therapeutic,a.治病的
thermal,a.熱的，熱量的；溫暖的n.熱氣流
thesis,n.論題，論文
thicket,n.樹叢，灌木叢
thorn,n.刺；荊棘
thread,n.螺紋
threadbare,a.磨破的，陳腐的
threat,n.威脅，恐嚇；凶兆
thrive,v.茁壯成長
throne,n.寶座；王位
throng,n.一大群；v.擁擠
throwback,n.返祖現象，復舊
thrust,v.猛力推；刺，戳
thwart,v.阻撓，使…受挫
tickler,n.棘手的問題，難題
ticklish,a.怕癢的；易怒的
tidy,a.整齊的，整潔的
tiff,n.吵嘴，嘔氣
tightfisted,a.吝嗇的
tilt,v.(使)傾斜；n.傾斜，斜坡
timber,n.木材；(人)品質
timbre,n.音色，音質
timely,a.適時的，及時的
timid,a.膽怯的
timidity,n.膽怯
timorous,a.膽小的，膽怯的
tinder,n.火絨，火種
tined,a.尖端的
tinker,n.補鍋工人；v.拙劣修補
tint,n.色澤；v.給…淡淡地著色
tirade,n.長篇的攻擊性講話
tire,n.輪胎(tyre)；v.疲勞
tissue,n.細胞組織；薄紙，棉紙
titanic,a.巨人的，力大無比的
titular,a.有名無實的，名義上的
toady,n.諂媚者，馬屁精
toil,v./n.辛苦，辛勤勞作
tolerance,n.容許量，公差；容忍，忍受
toll,n.過路(橋)費；傷亡人數，損失；v.(緩慢而有規律地)敲
tombstone,n.墓碑，墓石
tongs,n.夾子，鉗子
tonic,n.增進健康之物，補品；a.滋補的
tonsorial,a.理髮師的，理髮的
topple,v.傾覆，推倒
torment,n.折磨，痛苦
tornado,n.颶風，龍捲風
torpid,a.懶散的，死氣沈沈的
torpor,n.死氣沈沈
torque,n.轉矩；項圈
torrent,n.洪流，急流
torrential,a.奔流的，洪流的
tortuous,a.彎彎曲曲的
toss,v.投，擲；使搖動
totalitarian,a.極權主義的
totem,n.圖騰，徽章
totter,v.搖搖欲墜；步履蹣跚
touchy,a.敏感的，易發脾氣的
toupee,n.男用假髮
tournament,n.比賽；(舊時)騎士比武大會
tourniquet,n.止血帶
tout,v.招徠顧客；極力贊揚
toxic,a.有毒的，中毒的
toxin,n.毒素，毒質
toy,v.不認真考慮，玩弄
traceable,a.可追蹤的
track,n.足跡，蹤跡；軌道；小道；v.跟蹤
tract,n.傳單；大片土地
tractability,n.溫順
tractable,a.易於駕馭的，溫順的
tragedy,n.悲劇，慘事，災難
trait,n.人的顯著特性
traitor,n.賣國賊，叛徒
trajectory,n.(拋射物)彈道軌道
trample,v.踩壞，踐踏
trance,n.恍惚，昏睡狀態
tranquility,n.寧靜，安靜
transaction,n.辦理，交易
transcend,v.超越，勝過
transcendent,a.超越的，卓越的，出眾的
transcendental,a.超越經驗的
transcribe,v.抄寫，轉錄
transfer,v.轉移，傳遞；調任，轉讓
transfigure,v.美化，改觀
transgress,v.冒犯，違背
transgression,n.違法，罪過
transience,n.短暫
transient,a.短暫的，轉瞬即逝的
transition,n.過渡時期，轉變
transitory,a.短暫的
translucent,a.(半)透明的
transmit,v.傳送，傳播
transmute,v.變化，變作
transparent,a.透明的；直率的
transplantation,n.移植
transport,v.運輸；n.狂喜
transpose,v.變換位置，調換
trapeze,n.空中鞦韆
traverse,v.橫穿過，橫跨
travesty,v./n.歪曲模仿，曲解
treacherous,a.背叛的，叛逆的，奸詐的
treason,n.叛國罪
treatise,n.論文
treaty,n.條約；協議
tremendous,a.驚人的；巨大的
tremor,n.震動，地震
trenchant,a.一針見血的
trend,v./n.趨勢，傾向
trepidation,n.恐懼，惶恐
trespass,v.侵犯，闖入私人領地
tribunal,n.法庭，裁判所
tribute,n.贊辭；貢物
trickle,v.一滴滴地流；n.細流
trifle,n.微不足道，瑣事
trigger,n.扳機；v.引發，導致
trilogy,n.三部曲
trim,v.修剪；a.井井有條的
trinket,n.小裝飾品；不值錢的珠寶
trio,n.三重奏，三重唱；三人一組
tripod,n.畫架，三腳架
trite,a.陳腐的，陳詞濫調的
triumph,v./n.凱旋，勝利，歡欣
trivial,a.瑣細的
trophy,n.獎品，戰利品
troupe,n.歌唱團，劇團
trowel,泥刀，小鏟子
truancy,n.逃學，曠課
truce,n.停戰，休戰(協定)
truculent,a.殘暴的，凶狠的
trudge,v.跋涉
trumpet,n.喇叭，小號
truncate,v.把(某物)截短，去尾
trunk,n.樹幹；大衣箱
truss,n.桁架，支架；乾草的一捆
trustworthy,a.值得信賴的，可靠的
tuber,n.塊莖，球根
tumult,n.亂哄哄
turbulent,a.導致動亂的；騷亂的
turgid,a.浮腫的，腫脹的；浮誇的
turmoil,n.混亂，騷亂
turncoat,n.背叛者，變節者
turpitude,n.邪惡，卑鄙(行為)
turquoise,n.綠松石；a.碧綠的
turret,n.塔樓，角塔
tusk,n.(象)長牙
tussle,v./n.扭打，搏鬥；爭辯
tutor,n.助教；監護人；v.輔導
tuxedo,n.禮服，無尾禮服
twig,n.小枝，嫩枝
twinge,n.(生理，心理上的)劇痛
typo,n.排印錯誤
typographical,a.印刷上的
tyranny,n.暴政，專制統治；暴行
tyrant,n.暴君
tyro,n.新手
ubiquitous,a.無所不在的
ugly,a.難看的，可怕的
ulcer,n.潰瘍；腐爛物
ultimate,a.最後的
umbrage,n.不快，憤怒
umpire,n.裁判；v.對…進行仲裁
unaffected,a.自然的，不矯揉造作的
unanimous,a.全體意見一致的
unassuming,a.不擺架子的，不造作的
unbecoming,a.不合身的；不得體的
unbend,v.弄直；放鬆
uncanny,a.神秘的，不可思議的
uncommitted,a.不受約束的，不承擔責任的
unconscionable,a.無節制的，過度的
unconscious,a.不省人事的；未意識到的
uncouth,a.粗野笨拙的
unctuous,a.油質的；油腔滑調的
underbid,v.要價過低
undercut,v.削價與(競爭者)搶生意
underdog,n.受欺負者，弱者
underestimated,a.低估的
undergird,v.加強
underhanded,a.不光明的，卑鄙的
underling,n.下屬，手下
underlying,a.在下面的，根本的
undermine,v.破壞，損壞
underplay,v.淡化…的重要性；表演(角色)不充分
underrate,v.低估，輕視
underscore,v.在…之下划線；強調
understate,v.掩飾地說，輕描淡寫地說
understated,a.不完全陳述的，輕描淡寫的
understatement,n.輕描淡寫的陳述，不充分的陳述
understudy,n.預備演員，替角；v.充當…的替角
underutilized,a.未充分利用的
underwrite,v.同意負擔…的費用；為…保險
undeserved,a.不應得的
undesirable,a.令人不悅的，討厭的
undirected,a.未受指導的
unearth,v.挖出；發現
unearthly,a.奇異的
unenlightened,a.愚昧無知的；不文明的
unexceptionable,a.無可非議的
unfailing,a.無盡的，無窮的
unfasten,v.解開
unfeigned,a.真實的；不作假的
unflappable,a.不驚慌的，鎮定的
unfold,v.展開，打開；逐漸呈現
unfounded,a.無事實根據的
ungainly,a.笨拙的
ungrudging,a.慷慨的
unguent,n.藥膏，軟膏
unicorn,n.(傳說中的)獨角獸
unidimensional,a.一方面的；一維的
unification,n.統一，一致
uniform,n.制服；a.相同的，一致的
unify,v.統一，使成一體；使相同
unimpassioned,a.沒有激情的
unimpeachable,a.無可指摘的，無可置疑的
uninitiated,a.外行的，缺乏經驗的
unique,a.獨一無二的，獨特的；無與倫比的
univocal,a.意思明確的
unjustified,a.未被證明為正當的，無法解釋的
unjustly,adv.不義地，不法地
unkempt,a.(衣服、頭髮)不整潔的
unleash,v.發洩，釋放
unmitigated,a.未緩和的，未減輕的，全然的
unmoved,a.無動於衷的，冷漠的；鎮定的
unnoticed,a.不引人注意的
unobtrusive,a.不引人注目的
unpalatable,a.令人討厭的
unprecedented,a.前所未有的
unpremeditated,a.非預謀的
unprepossessing,a.不吸引人的
unpretentious,a.不炫耀的
unprincipled,a.肆無忌憚的
unproductive,a.徒然的，無成效的
unprovoked,a.(生氣等)無緣無故的
unqualified,a.無資格的；無限制的，絕對的
unravel,v.解開，拆散
unregenerate,a.不知悔改的
unregulated,a.未受管理的，未受約束的
unremitting,a.不間斷的，持續的
unrepentant,a.不悔悟的，不後悔的
unrequited,a.無報答的
unreserved,a.無限制的；未被預定的
unscathed,a.未受損傷的，未遭傷害的
unscented,a.無氣味的<e無氣味的>(without scent)
unscrupulous,a.肆無忌憚的
unscrupulousness,n.狂妄，肆無忌憚
unseemly,a.不適當的，不宜的
unsettle,v.使不安寧，攪亂
unsettling,a.令人不安的，擾亂的，使窘困的
unsound,a.不結實的，不堅固的；無根據的
unspoiled,a.未損壞的，未寵壞的
unspotted,a.清白的，無污點的
unstinting,a.極為慷慨的，大方的
unsubstantiated,a.未經證實的，無事實根據的
untapped,a.未開發的，未利用的
unthreatening,a.不威脅的
untimely,a.過早的；不適時的
untold,a.無數的，數不清的
untoward,a.不幸的，(壞事)沒料到的
untutored,a.未經教育的
unwarranted,a.沒有根據的
unwieldy,a.笨重的，笨拙的
unwitting,a.無心的，不經意的
unwonted,a.不尋常的，不習慣的
unworldly,a.非世俗的；精神上的
upbraid,v.斥責，責罵
upgrade,v.提升，給…升級
upheaval,n.動亂，大變動
uphold,v.維護，支持
upright,a.垂直的；正直的
uproar,n.喧鬧，騷動
uproarious,a.騷動的，喧囂的；令人捧腹的
upstage,a.驕傲的，高傲的
upswing,n.上升，增長
urgent,a.迫切的，緊急的
usurp,v.篡奪，霸佔
usury,n.放高利貸
utilitarian,a.功利的，實利的
utilize,v.利用，使用
utopia,n.理想國，理想的完美境界
utopian,a.烏托邦式的，夢想的
utter,a.完全的；v.發出聲音
vaccinate,v.給…接種疫苗
vaccine,n.牛痘苗，疫苗
vacillate,v.游移不定，躊躇
vacuous,a.發呆的，愚笨的
vagary,n.奇想，異想天開
vagrancy,n.遊蕩，流浪
vagrant,a.漂泊的；n.流浪漢，無賴
vague,a.模糊的
vain,a.自負的；徒勞的
valediction,n.告別演說
valedictory,a.告別的，離別的
valiant,a.勇敢的，英勇的
validate,v.使…生效
valorous,a.勇敢的
valve,n.活門，閥門
vandalism,n.(對公物等)惡意破壞
vandalize,v.肆意破壞
vanilla,n.香草，香子蘭
vanity,n.虛榮，自負
vanquish,v.征服
vantage,n.優勢，有利地位
vapid,a.索然無味的
vaporization,n.蒸發
vaporize,v.(使)蒸發
vaporous,a.無實質的
variance,n.矛盾；不同
variegate,v.使…多樣化
variegation,n.雜色，班駁
varnish,n.清漆；v.塗上清漆
vascular,a.血管的，脈管的
vault,n.拱頂；地窖
vaunting,a.吹噓的
veer,v.轉向，改變(話題等)
vehicle,n.交通工具；傳播媒介
veil,n.面紗；遮蔽物，掩蔽物；v.以面紗掩蓋
velocity,n.速度；迅速
venal,a.惟利是圖的，貪贓枉法的
vendetta,n.世仇，宿怨
vendor,n.小販
veneer,n.(鑲於劣質東西上的)鑲面板；外表